id;name;site;rating;advcampaign_id;advcampaign_name;logo;description;species;promocode;promolink;gotolink;date_start;date_end;exclusive;types;categories;special_category;discount
567883;40% OFF;https://www.banggood.com/;0.00;13623;Banggood WW;https://cdn.admitad.com/campaign/images/2020/9/30/13623-b58edd098a89c836.png;Dual Mode BT3/5.2 2.4G Wireless Mouse Adjustable 800-1600DPI Rechargeable LED Light Silent Mice for Laptop PC;promocode;BG93de76;;https://ad.admitad.com/g/98rgbn6imr5e996eb3366213826a88/?i=3;2023-08-02 00:00:00;2023-08-31 00:00:00;false;Discount on an order;Toys, Kids & Babies, Computers & Electronics, Marketplaces (including Chinese Stores), Hobby & Stationery;;40%
568197;65% OFF (Order Over US$1);https://www.banggood.com/;0.00;13623;Banggood WW;https://cdn.admitad.com/campaign/images/2020/9/30/13623-b58edd098a89c836.png;Red 14.8V 500mAh/1100mAh 25C 4S Lipo Battery JST Plug for RC Cars Boats Models Spare Parts;promocode;BGdaf61e;;https://ad.admitad.com/g/gk51nus2zb5e996eb3366213826a88/?i=3;2023-08-02 00:00:00;2023-09-19 00:00:00;false;Discount on an order;Toys, Kids & Babies, Computers & Electronics, Marketplaces (including Chinese Stores), Hobby & Stationery;;65%
568198;31.6% OFF;https://www.banggood.com/;0.00;13623;Banggood WW;https://cdn.admitad.com/campaign/images/2020/9/30/13623-b58edd098a89c836.png;AGSIVO 21 Inch Mini Travel Sun & Rain 8 Ribs Umbrella UPF 50+ UV Protection Light Folding Compact Pocket Umbrella For Men / Women / Kids / Girls / Boys;promocode;BG62d1b2;;https://ad.admitad.com/g/erpnj26f4s5e996eb3366213826a88/?i=3;2023-08-02 00:00:00;2023-08-31 00:00:00;false;Discount on an order;Toys, Kids & Babies, Computers & Electronics, Marketplaces (including Chinese Stores), Hobby & Stationery;;31%
568199;12.5% OFF;https://www.banggood.com/;0.00;13623;Banggood WW;https://cdn.admitad.com/campaign/images/2020/9/30/13623-b58edd098a89c836.png;T-BAO MN100 Intel Alder Lake N100 MAX 3.40 GHz Mini PC 8GB RAM 256GB SSD Windows11 Mini Computer DP Desktop PC;promocode;BG89b04c;;https://ad.admitad.com/g/q1tz3a5v4t5e996eb3366213826a88/?i=3;2023-08-02 00:00:00;2023-08-31 00:00:00;false;Discount on an order;Toys, Kids & Babies, Computers & Electronics, Marketplaces (including Chinese Stores), Hobby & Stationery;;12%
568200;15% OFF (Order Over US$0.1);https://www.banggood.com/;0.00;13623;Banggood WW;https://cdn.admitad.com/campaign/images/2020/9/30/13623-b58edd098a89c836.png;5pcs Woodworking Hole Saw Cutter Drill Bit Set with Limit Stop Alloy Head Cone Hole Drill for Screw Installation and Woodworking Punching.;promocode;BG1993701;;https://ad.admitad.com/g/crgtp1fy405e996eb3366213826a88/?i=3;2023-08-02 00:00:00;2023-08-06 00:00:00;false;Discount on an order;Toys, Kids & Babies, Computers & Electronics, Marketplaces (including Chinese Stores), Hobby & Stationery;;15%
568201;10% OFF (Order Over US$1);https://www.banggood.com/;0.00;13623;Banggood WW;https://cdn.admitad.com/campaign/images/2020/9/30/13623-b58edd098a89c836.png;NovSight A500-N39 2PCS 72W DC9-32V Pair Car Headlight LED Bulbs 10,000LM/PAIR Car Headlamps 6000K IP68 Waterproof;promocode;BG50ad9c;;https://ad.admitad.com/g/a5yfj40qih5e996eb3366213826a88/?i=3;2023-08-02 00:00:00;2023-08-31 00:00:00;false;Discount on an order;Toys, Kids & Babies, Computers & Electronics, Marketplaces (including Chinese Stores), Hobby & Stationery;;10%
568202;451% OFF;https://www.banggood.com/;0.00;13623;Banggood WW;https://cdn.admitad.com/campaign/images/2020/9/30/13623-b58edd098a89c836.png;Rogbid Tank M1 5ATM Waterproof Swimming Hifi Bluetooth Call Heart Rate Blood Pressure SpO2 Monitor Fitness BT5.3 Smart Watch;promocode;BGROGM1;;https://ad.admitad.com/g/qk5aeht3865e996eb3366213826a88/?i=3;2023-08-02 00:00:00;2023-08-31 00:00:00;false;Discount on an order;Toys, Kids & Babies, Computers & Electronics, Marketplaces (including Chinese Stores), Hobby & Stationery;;45%
568203;16.67% OFF;https://www.banggood.com/;0.00;13623;Banggood WW;https://cdn.admitad.com/campaign/images/2020/9/30/13623-b58edd098a89c836.png;BlitzWolf BW-UPC2 256GB USB Disk 2 in 1 Type-C USB3 Flash Drive Ultra-fast Transmission 360° Rotation Zinc Alloy 256GB Support OTG Pendrive;promocode;BG45d449;;https://ad.admitad.com/g/sy36mk3aep5e996eb3366213826a88/?i=3;2023-08-02 00:00:00;2023-08-31 00:00:00;false;Discount on an order;Toys, Kids & Babies, Computers & Electronics, Marketplaces (including Chinese Stores), Hobby & Stationery;;16%
568204;10% OFF (Order Over US$1);https://www.banggood.com/;0.00;13623;Banggood WW;https://cdn.admitad.com/campaign/images/2020/9/30/13623-b58edd098a89c836.png;LDRC 1802 RTR 1/18 2.4G 4WD RC Car FC Racing Drift Gyro On-Road Full Proportional Vehicles Models Toys;promocode;BG1c2465;;https://ad.admitad.com/g/192dr0789q5e996eb3366213826a88/?i=3;2023-08-02 00:00:00;2023-09-30 00:00:00;false;Discount on an order;Toys, Kids & Babies, Computers & Electronics, Marketplaces (including Chinese Stores), Hobby & Stationery;;10%
568205;58.59% OFF;https://www.banggood.com/;0.00;13623;Banggood WW;https://cdn.admitad.com/campaign/images/2020/9/30/13623-b58edd098a89c836.png;[EU/US Direct] ATOMSTACK F1 Laser Cutting Honeycomb Working Table Board Platform for CO2 or Diode Laser Engraver Cutting Machine 380x284mm Easy-observing Table-protecting;promocode;BG0c0f1c;;https://ad.admitad.com/g/jvdk2mgab75e996eb3366213826a88/?i=3;2023-08-02 00:00:00;2023-08-31 00:00:00;false;Discount on an order;Toys, Kids & Babies, Computers & Electronics, Marketplaces (including Chinese Stores), Hobby & Stationery;;58%
568206;21.44% OFF;https://www.banggood.com/;0.00;13623;Banggood WW;https://cdn.admitad.com/campaign/images/2020/9/30/13623-b58edd098a89c836.png;Bike Loud Warning Lock Security Alarm Protection Waterproof Large Capacity Battery Aluminum Alloy Wheel Lock for Motorcycle Scooter;promocode;BGef3eb7;;https://ad.admitad.com/g/g4eh2vmdqo5e996eb3366213826a88/?i=3;2023-08-02 00:00:00;2023-08-06 00:00:00;false;Discount on an order;Toys, Kids & Babies, Computers & Electronics, Marketplaces (including Chinese Stores), Hobby & Stationery;;21%
568207;21% OFF;https://www.banggood.com/;0.00;13623;Banggood WW;https://cdn.admitad.com/campaign/images/2020/9/30/13623-b58edd098a89c836.png;4 in 1 500Lm Brightness Bike Headlight 3000mAh Battery IPX6 Waterproof 3 Light Modes 120° Rotation Power Bank Phone Holder with 130db Horn for Night Cycling;promocode;BG6c3b5b;;https://ad.admitad.com/g/hvrdkeoi6a5e996eb3366213826a88/?i=3;2023-08-02 00:00:00;2023-08-06 00:00:00;false;Discount on an order;Toys, Kids & Babies, Computers & Electronics, Marketplaces (including Chinese Stores), Hobby & Stationery;;21%
568208;32.2% OFF;https://www.banggood.com/;0.00;13623;Banggood WW;https://cdn.admitad.com/campaign/images/2020/9/30/13623-b58edd098a89c836.png;[EU Direct] Emoko A19 36V 15Ah 500W 12inch Folding Electric Scooter 45-55KM Max Mileage 120KG Payload E-Scooter;promocode;BG25eef9;;https://ad.admitad.com/g/2r01ie0dap5e996eb3366213826a88/?i=3;2023-08-02 00:00:00;2023-08-31 00:00:00;false;Discount on an order;Toys, Kids & Babies, Computers & Electronics, Marketplaces (including Chinese Stores), Hobby & Stationery;;32%
568209;25.37% OFF;https://www.banggood.com/;0.00;13623;Banggood WW;https://cdn.admitad.com/campaign/images/2020/9/30/13623-b58edd098a89c836.png;[EU Direct] Emoko C91 48V 17.5Ah 1000W 20*4Inch Electric Bicycle 50-70KM Max Mileage 150KG Max Load Electric Bike;promocode;BG5fbe73;;https://ad.admitad.com/g/hw7vjvix3n5e996eb3366213826a88/?i=3;2023-08-02 00:00:00;2023-08-31 00:00:00;false;Discount on an order;Toys, Kids & Babies, Computers & Electronics, Marketplaces (including Chinese Stores), Hobby & Stationery;;25%
568210;32.14% OFF;https://www.banggood.com/;0.00;13623;Banggood WW;https://cdn.admitad.com/campaign/images/2020/9/30/13623-b58edd098a89c836.png;[EU Direct] WQ-W4 MAX 36V 15Ah 350W 10inch Folding Electric Scooter 40-60KM Max Mileage Range 130KG Max Load E-Scooter;promocode;BGab5a0e;;https://ad.admitad.com/g/k1q3pwb7tj5e996eb3366213826a88/?i=3;2023-08-02 00:00:00;2023-08-31 00:00:00;false;Discount on an order;Toys, Kids & Babies, Computers & Electronics, Marketplaces (including Chinese Stores), Hobby & Stationery;;32%
568211;29.46% OFF;https://www.banggood.com/;0.00;13623;Banggood WW;https://cdn.admitad.com/campaign/images/2020/9/30/13623-b58edd098a89c836.png;[EU Direct] SUNNIGOO X4 48V 17.5Ah 500W*2 Dual Motor 10inch Air Tires Folding Electric Scooter 60-70KM Max Mileage 130KG Max Load E-Scooter;promocode;BG7bed2c;;https://ad.admitad.com/g/tf556lkk115e996eb3366213826a88/?i=3;2023-08-02 00:00:00;2023-08-31 00:00:00;false;Discount on an order;Toys, Kids & Babies, Computers & Electronics, Marketplaces (including Chinese Stores), Hobby & Stationery;;29%
568212;71.68% OFF;https://www.banggood.com/;0.00;13623;Banggood WW;https://cdn.admitad.com/campaign/images/2020/9/30/13623-b58edd098a89c836.png;Haylou GST Ultra Light 1.69 inch HD Full Touch Screen 20 Days Standby IP68 Waterproof Customize Watch Face Heart Rate Blood Oxygen Monitor Smart Watch;promocode;BG3c8d35;;https://ad.admitad.com/g/9pxoivmgkt5e996eb3366213826a88/?i=3;2023-08-02 00:00:00;2023-08-31 00:00:00;false;Discount on an order;Toys, Kids & Babies, Computers & Electronics, Marketplaces (including Chinese Stores), Hobby & Stationery;;71%
568213;18.76% OFF;https://www.banggood.com/;0.00;13623;Banggood WW;https://cdn.admitad.com/campaign/images/2020/9/30/13623-b58edd098a89c836.png;bluetooth 5.1 Car Receiver MP3 Play Car Multifunctional Music PD30W 5V/2.4A Handsfree With USB Charge Adapter;promocode;BG52e5e4;;https://ad.admitad.com/g/zlkf5wnko95e996eb3366213826a88/?i=3;2023-08-02 00:00:00;2023-08-31 00:00:00;false;Discount on an order;Toys, Kids & Babies, Computers & Electronics, Marketplaces (including Chinese Stores), Hobby & Stationery;;18%
568214;18.37% OFF;https://www.banggood.com/;0.00;13623;Banggood WW;https://cdn.admitad.com/campaign/images/2020/9/30/13623-b58edd098a89c836.png;"GEYIREN T800 4.3"" GPS System Projection HUD Head-up Display Driving Computer Speed Mileage Speed Overspeed Clock";promocode;BG92e204;;https://ad.admitad.com/g/sm5s1mfrx45e996eb3366213826a88/?i=3;2023-08-02 00:00:00;2023-08-31 00:00:00;false;Discount on an order;Toys, Kids & Babies, Computers & Electronics, Marketplaces (including Chinese Stores), Hobby & Stationery;;18%
568215;30.28% OFF;https://www.banggood.com/;0.00;13623;Banggood WW;https://cdn.admitad.com/campaign/images/2020/9/30/13623-b58edd098a89c836.png;[EU Direct] KAISDA K6 PRO 36V 12.5AH 350W 26inch Electric Bicycle 45-80KM Mileage 120KG Payload Disc Brake Electric Bike;promocode;BG3bbe94;;https://ad.admitad.com/g/jbpy6zm46r5e996eb3366213826a88/?i=3;2023-08-02 00:00:00;2023-08-31 00:00:00;false;Discount on an order;Toys, Kids & Babies, Computers & Electronics, Marketplaces (including Chinese Stores), Hobby & Stationery;;30%
568216;28.55% OFF;https://www.banggood.com/;0.00;13623;Banggood WW;https://cdn.admitad.com/campaign/images/2020/9/30/13623-b58edd098a89c836.png;[EU Direct] KAISDA K7 36V 13AH 350W 20inch Folding Electric Moped Bicycle 45-75KM Mileage 120KG Payload Electric Bike;promocode;BG06cf51;;https://ad.admitad.com/g/2ni8pjuxkq5e996eb3366213826a88/?i=3;2023-08-02 00:00:00;2023-08-31 00:00:00;false;Discount on an order;Toys, Kids & Babies, Computers & Electronics, Marketplaces (including Chinese Stores), Hobby & Stationery;;28%
568217;25.71% OFF;https://www.banggood.com/;0.00;13623;Banggood WW;https://cdn.admitad.com/campaign/images/2020/9/30/13623-b58edd098a89c836.png;[EU Direct] COASTA L9pro 36V 20Ah 350Wx2 8.5inch Folding Electric Scooter 40km Mileage 120KG Payload E-Scooter;promocode;BGe3ab79;;https://ad.admitad.com/g/9dz48relgc5e996eb3366213826a88/?i=3;2023-08-02 00:00:00;2023-08-31 00:00:00;false;Discount on an order;Toys, Kids & Babies, Computers & Electronics, Marketplaces (including Chinese Stores), Hobby & Stationery;;25%
568218;11.12% OFF;https://www.banggood.com/;0.00;13623;Banggood WW;https://cdn.admitad.com/campaign/images/2020/9/30/13623-b58edd098a89c836.png;Bike Headlight 100Lm Brightness 300mAh Battery IP66 Waterproof Headlight Taillight for Night Cycling;promocode;BG60e4f0;;https://ad.admitad.com/g/7pdgk9bp6x5e996eb3366213826a88/?i=3;2023-08-02 00:00:00;2023-08-31 00:00:00;false;Discount on an order;Toys, Kids & Babies, Computers & Electronics, Marketplaces (including Chinese Stores), Hobby & Stationery;;11%
568219;34.67% OFF;https://www.banggood.com/;0.00;13623;Banggood WW;https://cdn.admitad.com/campaign/images/2020/9/30/13623-b58edd098a89c836.png;[EU Direct] DYU A1F 36V 250W 7.5AH 16inch Folding Electric Bicycle 25KM/H Top Speed 25KM Mileage 120KG Payload Electric Bike;promocode;BG87eeb0;;https://ad.admitad.com/g/z3yh2iig415e996eb3366213826a88/?i=3;2023-08-02 00:00:00;2023-08-31 00:00:00;false;Discount on an order;Toys, Kids & Babies, Computers & Electronics, Marketplaces (including Chinese Stores), Hobby & Stationery;;34%
568220;14.3% OFF;https://www.banggood.com/;0.00;13623;Banggood WW;https://cdn.admitad.com/campaign/images/2020/9/30/13623-b58edd098a89c836.png;Bike Taillight Super Brightness 500mAh Battery Waterproof 6 Light Modes Type-C Rear Light for Night Cycling;promocode;BG2e7acf;;https://ad.admitad.com/g/7bdw3ijyth5e996eb3366213826a88/?i=3;2023-08-02 00:00:00;2023-08-31 00:00:00;false;Discount on an order;Toys, Kids & Babies, Computers & Electronics, Marketplaces (including Chinese Stores), Hobby & Stationery;;14%
568221;11.77% OFF;https://www.banggood.com/;0.00;13623;Banggood WW;https://cdn.admitad.com/campaign/images/2020/9/30/13623-b58edd098a89c836.png;MEROCA Wireless Bike Taillight 100Lm Brightness 800mAh Battery Waterproof 6 Light Modes Easy to Install Rear Light for Night Cycling;promocode;BGa109eb;;https://ad.admitad.com/g/5mh7lb5pso5e996eb3366213826a88/?i=3;2023-08-02 00:00:00;2023-08-31 00:00:00;false;Discount on an order;Toys, Kids & Babies, Computers & Electronics, Marketplaces (including Chinese Stores), Hobby & Stationery;;11%
568222;15.4% OFF;https://www.banggood.com/;0.00;13623;Banggood WW;https://cdn.admitad.com/campaign/images/2020/9/30/13623-b58edd098a89c836.png;Bike Wireless Taillight Super Brightness 6 Red Beads 500mAh Battery Waterproof 3 Light Modes with Remove Control Bicycle Rear Light for Night Cycling;promocode;BG4159ec;;https://ad.admitad.com/g/6o8lwzhx9z5e996eb3366213826a88/?i=3;2023-08-02 00:00:00;2023-08-31 00:00:00;false;Discount on an order;Toys, Kids & Babies, Computers & Electronics, Marketplaces (including Chinese Stores), Hobby & Stationery;;15%
568223;14.3% OFF;https://www.banggood.com/;0.00;13623;Banggood WW;https://cdn.admitad.com/campaign/images/2020/9/30/13623-b58edd098a89c836.png;Bike Headlight 500Lm Highlight XML2 Lamp Beads 3000mAh Battery IPX5 Waterproof 4 Light Modes Aluminum Alloy Bicycle Front Light for Night Cycling Outdoor Adventure;promocode;BG3873b8;;https://ad.admitad.com/g/1scw05c3u35e996eb3366213826a88/?i=3;2023-08-02 00:00:00;2023-08-31 00:00:00;false;Discount on an order;Toys, Kids & Babies, Computers & Electronics, Marketplaces (including Chinese Stores), Hobby & Stationery;;14%
568224;16.68% OFF;https://www.banggood.com/;0.00;13623;Banggood WW;https://cdn.admitad.com/campaign/images/2020/9/30/13623-b58edd098a89c836.png;Y22 Humpback Correction Belt Comfort Breathable Shoulder Spine Protection for Better Sitting Posture;promocode;BG92ea40;;https://ad.admitad.com/g/n31zpkilr45e996eb3366213826a88/?i=3;2023-08-02 00:00:00;2023-08-31 00:00:00;false;Discount on an order;Toys, Kids & Babies, Computers & Electronics, Marketplaces (including Chinese Stores), Hobby & Stationery;;16%
568225;15% OFF;https://www.banggood.com/;0.00;13623;Banggood WW;https://cdn.admitad.com/campaign/images/2020/9/30/13623-b58edd098a89c836.png;2023 Back Support Belt Widen Comfort Anti-Skid Waist Spine Protection for Sport Injury Recovery;promocode;BG09b062;;https://ad.admitad.com/g/5v4b0c60b45e996eb3366213826a88/?i=3;2023-08-02 00:00:00;2023-08-31 00:00:00;false;Discount on an order;Toys, Kids & Babies, Computers & Electronics, Marketplaces (including Chinese Stores), Hobby & Stationery;;15%
568226;22.74% OFF;https://www.banggood.com/;0.00;13623;Banggood WW;https://cdn.admitad.com/campaign/images/2020/9/30/13623-b58edd098a89c836.png;Microdrive High Speed 256GB Memory Card Class 10 Micro SD Card Flash Card Smart Card for Phone Camera Driving Recorder;promocode;BGf52c44;;https://ad.admitad.com/g/ds9xcm0es55e996eb3366213826a88/?i=3;2023-08-02 00:00:00;2023-08-31 00:00:00;false;Discount on an order;Toys, Kids & Babies, Computers & Electronics, Marketplaces (including Chinese Stores), Hobby & Stationery;;22%
568227;27.3% OFF;https://www.banggood.com/;0.00;13623;Banggood WW;https://cdn.admitad.com/campaign/images/2020/9/30/13623-b58edd098a89c836.png;Microdrive 64GB Class 10 TF Memory Card High Speed Micro SD Card Flash Card Smart Card for Phone Camera Driving Recorder;promocode;BGf434cc;;https://ad.admitad.com/g/rboghodrce5e996eb3366213826a88/?i=3;2023-08-02 00:00:00;2023-08-31 00:00:00;false;Discount on an order;Toys, Kids & Babies, Computers & Electronics, Marketplaces (including Chinese Stores), Hobby & Stationery;;27%
568228;26.1% OFF;https://www.banggood.com/;0.00;13623;Banggood WW;https://cdn.admitad.com/campaign/images/2020/9/30/13623-b58edd098a89c836.png;Microdrive 256GB TF Memory Card Class 10 High Speed Micro SD Card Flash Card Smart Card for Driving Recorder Phone Camera;promocode;BG91b4ab;;https://ad.admitad.com/g/16s4iwmjmx5e996eb3366213826a88/?i=3;2023-08-02 00:00:00;2023-08-31 00:00:00;false;Discount on an order;Toys, Kids & Babies, Computers & Electronics, Marketplaces (including Chinese Stores), Hobby & Stationery;;26%
568229;28.36% OFF;https://www.banggood.com/;0.00;13623;Banggood WW;https://cdn.admitad.com/campaign/images/2020/9/30/13623-b58edd098a89c836.png;Microdrive 64GB USB Flash Drive USB3 High Speed Pendrive Waterproof Mini Portable Memory U Disk for TV Laptop Car Player;promocode;BG13db22;;https://ad.admitad.com/g/xo6f4zdc0s5e996eb3366213826a88/?i=3;2023-08-02 00:00:00;2023-08-31 00:00:00;false;Discount on an order;Toys, Kids & Babies, Computers & Electronics, Marketplaces (including Chinese Stores), Hobby & Stationery;;28%
568230;17.86% OFF;https://www.banggood.com/;0.00;13623;Banggood WW;https://cdn.admitad.com/campaign/images/2020/9/30/13623-b58edd098a89c836.png;Netac US12 256GB Type-C+A Dual Interface USB Flash Drive USB3.2 Fast Transmission Speed Pendrive Mini Portable Metal Memory U Disk for Phone TV Laptop Speaker;promocode;BG1fc631;;https://ad.admitad.com/g/oolci0itec5e996eb3366213826a88/?i=3;2023-08-02 00:00:00;2023-08-31 00:00:00;false;Discount on an order;Toys, Kids & Babies, Computers & Electronics, Marketplaces (including Chinese Stores), Hobby & Stationery;;17%
568231;18.76% OFF;https://www.banggood.com/;0.00;13623;Banggood WW;https://cdn.admitad.com/campaign/images/2020/9/30/13623-b58edd098a89c836.png;UTHAI C12 64GB Type-C & USB3 Flash Drive OTG USB-C Pen Drive for Phone Tablet Laptop;promocode;BGa0cfbd;;https://ad.admitad.com/g/3xsq5i01j05e996eb3366213826a88/?i=3;2023-08-02 00:00:00;2023-08-31 00:00:00;false;Discount on an order;Toys, Kids & Babies, Computers & Electronics, Marketplaces (including Chinese Stores), Hobby & Stationery;;18%
568232;20% OFF (Order Over US$1);https://www.banggood.com/;0.00;13623;Banggood WW;https://cdn.admitad.com/campaign/images/2020/9/30/13623-b58edd098a89c836.png;WNEW Woodworking Double Linear Cutting Guide Electric Circular Saw Universal Rail Linear Woodworking Straight Cutting Tool;promocode;BG29cb60;;https://ad.admitad.com/g/qeup1fk9pm5e996eb3366213826a88/?i=3;2023-08-02 00:00:00;2023-08-31 00:00:00;false;Discount on an order;Toys, Kids & Babies, Computers & Electronics, Marketplaces (including Chinese Stores), Hobby & Stationery;;20%
568233;18.53% OFF;https://www.banggood.com/;0.00;13623;Banggood WW;https://cdn.admitad.com/campaign/images/2020/9/30/13623-b58edd098a89c836.png;Microdrive 256GB USB3 Flash Drive Dual Interface Fast Transmission Speed Pendrive Mini Portable Memory U Disk for Phone TV Laptop;promocode;BG00214d;;https://ad.admitad.com/g/2j7gncg1sw5e996eb3366213826a88/?i=3;2023-08-02 00:00:00;2023-08-31 00:00:00;false;Discount on an order;Toys, Kids & Babies, Computers & Electronics, Marketplaces (including Chinese Stores), Hobby & Stationery;;18%
568234;22.74% OFF;https://www.banggood.com/;0.00;13623;Banggood WW;https://cdn.admitad.com/campaign/images/2020/9/30/13623-b58edd098a89c836.png;Microdrive High-Speed Class10 256GB Memory Card TF Card Smart Card for Driving Recorder Phone Camera;promocode;BG6f2591;;https://ad.admitad.com/g/lg5ujqudn15e996eb3366213826a88/?i=3;2023-08-02 00:00:00;2023-08-31 00:00:00;false;Discount on an order;Toys, Kids & Babies, Computers & Electronics, Marketplaces (including Chinese Stores), Hobby & Stationery;;22%
568235;16.67% OFF;https://www.banggood.com/;0.00;13623;Banggood WW;https://cdn.admitad.com/campaign/images/2020/9/30/13623-b58edd098a89c836.png;K273 2 in 1 Type C & USB3.2 Flash Drive 256GB OTG Metal USB Stick Pendrive Cle OTG USB Flash Stick;promocode;BGcb60f3;;https://ad.admitad.com/g/ywrhtt5a3x5e996eb3366213826a88/?i=3;2023-08-02 00:00:00;2023-08-31 00:00:00;false;Discount on an order;Toys, Kids & Babies, Computers & Electronics, Marketplaces (including Chinese Stores), Hobby & Stationery;;16%
568236;20% OFF (Order Over US$19);https://www.banggood.com/;0.00;13623;Banggood WW;https://cdn.admitad.com/campaign/images/2020/9/30/13623-b58edd098a89c836.png;for KODAK X300 M.2 SATA SSD 120GB 240GB 480GB 960GB Hard Disk Drive for Desktop Laptop One Machine;promocode;BGd481ea;;https://ad.admitad.com/g/tfze0lnl3d5e996eb3366213826a88/?i=3;2023-08-02 00:00:00;2023-08-31 00:00:00;false;Discount on an order;Toys, Kids & Babies, Computers & Electronics, Marketplaces (including Chinese Stores), Hobby & Stationery;;20%
568237;17% OFF (Order Over US$17);https://www.banggood.com/;0.00;13623;Banggood WW;https://cdn.admitad.com/campaign/images/2020/9/30/13623-b58edd098a89c836.png;for KODAK X130 PRO SSD 128GB 256GB 512GB 1TB Solid State Drive 2.5 inch SATA III HDD Hard Disk HD Notebook PC;promocode;BGc79134;;https://ad.admitad.com/g/vr2s1qkkwa5e996eb3366213826a88/?i=3;2023-08-02 00:00:00;2023-08-31 00:00:00;false;Discount on an order;Toys, Kids & Babies, Computers & Electronics, Marketplaces (including Chinese Stores), Hobby & Stationery;;17%
568238;18% OFF (Order Over US$29);https://www.banggood.com/;0.00;13623;Banggood WW;https://cdn.admitad.com/campaign/images/2020/9/30/13623-b58edd098a89c836.png;for KODAK X350 SSD M.2 MVME 256GB 512GB 1TB Hard Drive 2280 M.2 PCIe 3 Disk Solid State Drive for Laptop Tablets Desktop;promocode;BG629beb;;https://ad.admitad.com/g/z34y0jio6q5e996eb3366213826a88/?i=3;2023-08-02 00:00:00;2023-08-31 00:00:00;false;Discount on an order;Toys, Kids & Babies, Computers & Electronics, Marketplaces (including Chinese Stores), Hobby & Stationery;;18%
568239;20.59% OFF;https://www.banggood.com/;0.00;13623;Banggood WW;https://cdn.admitad.com/campaign/images/2020/9/30/13623-b58edd098a89c836.png;SKYLOONG GK7 126PCS Mechanical Keyboard Keycaps Set Neon PBT Pudding Backlit Key Cap For DIY Customized 61/87/104/108 Key Mechanical Keyboard;promocode;BG66b922;;https://ad.admitad.com/g/ykhba1sqqr5e996eb3366213826a88/?i=3;2023-08-02 00:00:00;2023-08-31 00:00:00;false;Discount on an order;Toys, Kids & Babies, Computers & Electronics, Marketplaces (including Chinese Stores), Hobby & Stationery;;20%
568240;63% OFF;https://www.banggood.com/;0.00;13623;Banggood WW;https://cdn.admitad.com/campaign/images/2020/9/30/13623-b58edd098a89c836.png;2PCS Upgraded All Metal Front Rear Bridge Axle Housing for Axial RBX10 Ryft 1/10 RC Cars Off-Truck Vehicles Models Parts;promocode;BG2cddeb;;https://ad.admitad.com/g/3v9q2qcz115e996eb3366213826a88/?i=3;2023-08-02 00:00:00;2023-09-30 00:00:00;false;Discount on an order;Toys, Kids & Babies, Computers & Electronics, Marketplaces (including Chinese Stores), Hobby & Stationery;;63%
568241;34.58% OFF;https://www.banggood.com/;0.00;13623;Banggood WW;https://cdn.admitad.com/campaign/images/2020/9/30/13623-b58edd098a89c836.png;[EU Direct] A6S 36V 5.2Ah 250W 9inch Folding Electric Scooter 25KM/H Top Speed 25KM Max Mileage 100KG Max Load E-Scooter;promocode;BGf14054;;https://ad.admitad.com/g/namkt10rzy5e996eb3366213826a88/?i=3;2023-08-02 00:00:00;2023-09-30 00:00:00;false;Discount on an order;Toys, Kids & Babies, Computers & Electronics, Marketplaces (including Chinese Stores), Hobby & Stationery;;34%
568242;42% OFF;https://www.banggood.com/;0.00;13623;Banggood WW;https://cdn.admitad.com/campaign/images/2020/9/30/13623-b58edd098a89c836.png;[EU DIRECT] Mankeel MK083 PRO 350W 36V 10.4Ah 8.5inch Folding Electric Scooter 25KM/H Max Speed 35-40KM Mileage Range 120KG Max Load E-Scooter;promocode;BG776ffe;;https://ad.admitad.com/g/ak4rjwfy3g5e996eb3366213826a88/?i=3;2023-08-02 00:00:00;2023-09-30 00:00:00;false;Discount on an order;Toys, Kids & Babies, Computers & Electronics, Marketplaces (including Chinese Stores), Hobby & Stationery;;42%
568243;28.44% OFF;https://www.banggood.com/;0.00;13623;Banggood WW;https://cdn.admitad.com/campaign/images/2020/9/30/13623-b58edd098a89c836.png;[EU Direct] H1 250W 36V 10Ah 14inch Electric Bicycle 25KM/H Top Speed 75KM Mileage Range 100KG Max Load Electric Bike;promocode;BGf69e34;;https://ad.admitad.com/g/2q2o1ni14j5e996eb3366213826a88/?i=3;2023-08-02 00:00:00;2023-09-30 00:00:00;false;Discount on an order;Toys, Kids & Babies, Computers & Electronics, Marketplaces (including Chinese Stores), Hobby & Stationery;;28%
568244;21.93% OFF;https://www.banggood.com/;0.00;13623;Banggood WW;https://cdn.admitad.com/campaign/images/2020/9/30/13623-b58edd098a89c836.png;[EU Direct] TOURSOR X13 60V 40Ah 4000W*2 Dual Motor 13inch Folding Electric Scooter 70-120KM Mileage Range 200KG Max Load E-Scooter;promocode;BG2863f0;;https://ad.admitad.com/g/k7gm6qlndq5e996eb3366213826a88/?i=3;2023-08-02 00:00:00;2023-09-30 00:00:00;false;Discount on an order;Toys, Kids & Babies, Computers & Electronics, Marketplaces (including Chinese Stores), Hobby & Stationery;;21%
568245;21.77% OFF;https://www.banggood.com/;0.00;13623;Banggood WW;https://cdn.admitad.com/campaign/images/2020/9/30/13623-b58edd098a89c836.png;[EU Direct] TOURSOR X13 72V 40Ah 21700 Battery 4000W *2 Dual Motor 13inch Folding Electric Scooter 60-120KM Mileage Range 200KG Max Load E-Scooter;promocode;BGdb40f5;;https://ad.admitad.com/g/j5a3mjqf1t5e996eb3366213826a88/?i=3;2023-08-02 00:00:00;2023-09-30 00:00:00;false;Discount on an order;Toys, Kids & Babies, Computers & Electronics, Marketplaces (including Chinese Stores), Hobby & Stationery;;21%
568246;22.75% OFF;https://www.banggood.com/;0.00;13623;Banggood WW;https://cdn.admitad.com/campaign/images/2020/9/30/13623-b58edd098a89c836.png;[EU Direct] TOURSOR X14 60V 40Ah 5000W*2 Dual Motor 14inch Folding Electric Scooter 70-120KM Mileage Range 200KG Max Load E-Scooter;promocode;BG8efcff;;https://ad.admitad.com/g/88hqdx1dwp5e996eb3366213826a88/?i=3;2023-08-02 00:00:00;2023-09-30 00:00:00;false;Discount on an order;Toys, Kids & Babies, Computers & Electronics, Marketplaces (including Chinese Stores), Hobby & Stationery;;22%
568247;21.26% OFF;https://www.banggood.com/;0.00;13623;Banggood WW;https://cdn.admitad.com/campaign/images/2020/9/30/13623-b58edd098a89c836.png;[EU Direct] TOURSOR X14 72V 40Ah 21700 Battery 5000W*2 Dual Motor 14inch Folding Electric Scooter 70-120KM Mileage Range 200KG Max Load E-Scooter;promocode;BG7be1eb;;https://ad.admitad.com/g/g6qcn0zzt05e996eb3366213826a88/?i=3;2023-08-02 00:00:00;2023-09-30 00:00:00;false;Discount on an order;Toys, Kids & Babies, Computers & Electronics, Marketplaces (including Chinese Stores), Hobby & Stationery;;21%
568248;16.52% OFF;https://www.banggood.com/;0.00;13623;Banggood WW;https://cdn.admitad.com/campaign/images/2020/9/30/13623-b58edd098a89c836.png;[EU DIRECT] Dogebos SC-11 PLUS 1500W 60V 40Ah 18*9.5inch Fat Tire Electric Motorcycle 50-55km Mileage Range 200kg Max Load Electric Bike;promocode;BGe67ace;;https://ad.admitad.com/g/ohuh8x2ydl5e996eb3366213826a88/?i=3;2023-08-02 00:00:00;2023-09-30 00:00:00;false;Discount on an order;Toys, Kids & Babies, Computers & Electronics, Marketplaces (including Chinese Stores), Hobby & Stationery;;16%
567838;24.29% OFF;https://www.banggood.com/;0.00;13623;Banggood WW;https://cdn.admitad.com/campaign/images/2020/9/30/13623-b58edd098a89c836.png;BlitzWolf® BW-V5 LED Projector Physical 1080P Resolution 9000 Lumens Bluetooth 5 Portable Movie Compatible with TV Stick Smartphone HDMI USB AV Home Theater Video EU Plug;promocode;BGALK582;;https://ad.admitad.com/g/8hqy23npr85e996eb3366213826a88/?i=3;2023-08-01 00:00:00;2023-09-30 00:00:00;false;Discount on an order;Toys, Kids & Babies, Computers & Electronics, Marketplaces (including Chinese Stores), Hobby & Stationery;;24%
567839;24.29% OFF;https://www.banggood.com/;0.00;13623;Banggood WW;https://cdn.admitad.com/campaign/images/2020/9/30/13623-b58edd098a89c836.png;BlitzWolf® BW-V5 LED Projector Physical 1080P Resolution 9000 Lumens Bluetooth 5 Portable Movie Compatible with TV Stick Smartphone HDMI USB AV Home Theater Video EU Plug;promocode;BGALK582;;https://ad.admitad.com/g/xlax7005ts5e996eb3366213826a88/?i=3;2023-08-01 00:00:00;2023-09-30 00:00:00;false;Discount on an order;Toys, Kids & Babies, Computers & Electronics, Marketplaces (including Chinese Stores), Hobby & Stationery;;24%
567840;25% OFF (Order Over US$1);https://www.banggood.com/;0.00;13623;Banggood WW;https://cdn.admitad.com/campaign/images/2020/9/30/13623-b58edd098a89c836.png;Flyhal FC610 RTR Two Battery 1/10 2.4G 4WD 46km/h RC Car Vehicles LED Lights Brushed Big Truck Model Toys Kids Child Gifts;promocode;BG87bdb1;;https://ad.admitad.com/g/bhei62ayr55e996eb3366213826a88/?i=3;2023-08-01 00:00:00;2023-09-30 00:00:00;false;Discount on an order;Toys, Kids & Babies, Computers & Electronics, Marketplaces (including Chinese Stores), Hobby & Stationery;;25%
567841;13% OFF (Order Over US$1);https://www.banggood.com/;0.00;13623;Banggood WW;https://cdn.admitad.com/campaign/images/2020/9/30/13623-b58edd098a89c836.png;Wltoys 284161 RTR 1/28 2.4G 4WD RC Car Off-Road Climbing High Speed LED Light Truck Full Proportional Vehicles Models Toys;promocode;BG5c2484;;https://ad.admitad.com/g/0ovesxd9xv5e996eb3366213826a88/?i=3;2023-08-01 00:00:00;2023-09-30 00:00:00;false;Discount on an order;Toys, Kids & Babies, Computers & Electronics, Marketplaces (including Chinese Stores), Hobby & Stationery;;13%
567842;35.72% OFF;https://www.banggood.com/;0.00;13623;Banggood WW;https://cdn.admitad.com/campaign/images/2020/9/30/13623-b58edd098a89c836.png;N-ONE NPad S MT8183 Octa Core 4GB RAM 64GB ROM 10.1 Inch Android 12 Tablet With Case Cover and Glass Screen Protector;promocode;BG873812;;https://ad.admitad.com/g/l17l1r19ti5e996eb3366213826a88/?i=3;2023-08-01 00:00:00;2023-08-31 00:00:00;false;Discount on an order;Toys, Kids & Babies, Computers & Electronics, Marketplaces (including Chinese Stores), Hobby & Stationery;;35%
567843;35% OFF;https://www.banggood.com/;0.00;13623;Banggood WW;https://cdn.admitad.com/campaign/images/2020/9/30/13623-b58edd098a89c836.png;N-One NPad Plus MTK8183 Octa Core 8GB RAM 128GB ROM 10.4 Inch 2K Screen Android 12 Tablet;promocode;BG62de66;;https://ad.admitad.com/g/1bgpk3116k5e996eb3366213826a88/?i=3;2023-08-01 00:00:00;2023-08-31 00:00:00;false;Discount on an order;Toys, Kids & Babies, Computers & Electronics, Marketplaces (including Chinese Stores), Hobby & Stationery;;35%
567844;28.57% OFF;https://www.banggood.com/;0.00;13623;Banggood WW;https://cdn.admitad.com/campaign/images/2020/9/30/13623-b58edd098a89c836.png;N-One NPad Air UNISOC T310 Quad Core 4GB RAM 64GB ROM 10.1 Inch 4G LTE Android 12 Tablet With Case Cover And Glass Screen Protector;promocode;BGb9d783;;https://ad.admitad.com/g/di7z0u6ozd5e996eb3366213826a88/?i=3;2023-08-01 00:00:00;2023-08-31 00:00:00;false;Discount on an order;Toys, Kids & Babies, Computers & Electronics, Marketplaces (including Chinese Stores), Hobby & Stationery;;28%
567845;36.68% OFF;https://www.banggood.com/;0.00;13623;Banggood WW;https://cdn.admitad.com/campaign/images/2020/9/30/13623-b58edd098a89c836.png;Lenovo Lecoo-C8 bluetooth V5 Earphone 120mAh Battery IPX6 Waterproof Anti-glare Voice Control Smart Touch 31g Lightweight Sunglasses Sport Headphone;promocode;BG32737f;;https://ad.admitad.com/g/x2epc5tii55e996eb3366213826a88/?i=3;2023-08-01 00:00:00;2023-08-31 00:00:00;false;Discount on an order;Toys, Kids & Babies, Computers & Electronics, Marketplaces (including Chinese Stores), Hobby & Stationery;;36%
567846;23.33% OFF;https://www.banggood.com/;0.00;13623;Banggood WW;https://cdn.admitad.com/campaign/images/2020/9/30/13623-b58edd098a89c836.png;BlitzWolf® BW-V7 Android 4K Projector 850 ANSI Lumens Auto Focus Auto Keystone Correction Native 1080P Android 9 OS Bluetooth5 Home Theater Outdoor Movie;promocode;BGBWPV7;;https://ad.admitad.com/g/lstakngwdx5e996eb3366213826a88/?i=3;2023-08-01 00:00:00;2023-08-31 00:00:00;false;Discount on an order;Toys, Kids & Babies, Computers & Electronics, Marketplaces (including Chinese Stores), Hobby & Stationery;;23%
567847;29.29% OFF;https://www.banggood.com/;0.00;13623;Banggood WW;https://cdn.admitad.com/campaign/images/2020/9/30/13623-b58edd098a89c836.png;BlitzWolf® BW-V5 LED Projector Physical 1080P Resolution 9000 Lumens Bluetooth 5 Portable Movie Compatible with TV Stick Smartphone HDMI USB AV Home Theater Video EU Plug;promocode;BGcae800;;https://ad.admitad.com/g/afsib86cqr5e996eb3366213826a88/?i=3;2023-08-01 00:00:00;2023-09-30 00:00:00;false;Discount on an order;Toys, Kids & Babies, Computers & Electronics, Marketplaces (including Chinese Stores), Hobby & Stationery;;29%
567848;50.51% OFF;https://www.banggood.com/;0.00;13623;Banggood WW;https://cdn.admitad.com/campaign/images/2020/9/30/13623-b58edd098a89c836.png;H96MAX Ultimate RK3528 Android 13 TV Box 4+64GB Dual WIFI 6 Bluetooth 5 Set Top Box 8K H.265 Screen Cast 3000Mps;promocode;BG589187;;https://ad.admitad.com/g/jvyx4dibvj5e996eb3366213826a88/?i=3;2023-08-01 00:00:00;2023-09-30 00:00:00;false;Discount on an order;Toys, Kids & Babies, Computers & Electronics, Marketplaces (including Chinese Stores), Hobby & Stationery;;50%
567849;37.86% OFF;https://www.banggood.com/;0.00;13623;Banggood WW;https://cdn.admitad.com/campaign/images/2020/9/30/13623-b58edd098a89c836.png;[EU Direct] DUOTTS C29 750W 48V 15Ah 29inch Electric Moped Bicycle 50KM Mileage 150KG Max Load Dual Disc Brake Electric Bike;promocode;BGd8f332;;https://ad.admitad.com/g/8k6gs4mukh5e996eb3366213826a88/?i=3;2023-08-01 00:00:00;2023-08-31 00:00:00;false;Discount on an order;Toys, Kids & Babies, Computers & Electronics, Marketplaces (including Chinese Stores), Hobby & Stationery;;37%
567850;39.54% OFF;https://www.banggood.com/;0.00;13623;Banggood WW;https://cdn.admitad.com/campaign/images/2020/9/30/13623-b58edd098a89c836.png;[EU Direct] Emoko T4 PRO 350W 36V 10.4Ah 8.5inch Folding Electric Scooter 39KM Mileage 120KG Payload E-Scooter;promocode;BG5d7801;;https://ad.admitad.com/g/eabl17ldf85e996eb3366213826a88/?i=3;2023-08-01 00:00:00;2023-08-31 00:00:00;false;Discount on an order;Toys, Kids & Babies, Computers & Electronics, Marketplaces (including Chinese Stores), Hobby & Stationery;;39%
567851;45.11% OFF;https://www.banggood.com/;0.00;13623;Banggood WW;https://cdn.admitad.com/campaign/images/2020/9/30/13623-b58edd098a89c836.png;Artillery® X2 3D Printer Kit with 300*300*400mm Large Print Size Support Resume Printing&Filament Runout Detection With Dual Z axis/TFT Touch Screen;promocode;BGRA710;;https://ad.admitad.com/g/368c76srfv5e996eb3366213826a88/?i=3;2023-08-01 00:00:00;2023-08-31 00:00:00;false;Discount on an order;Toys, Kids & Babies, Computers & Electronics, Marketplaces (including Chinese Stores), Hobby & Stationery;;45%
567852;13% OFF;https://www.banggood.com/;0.00;13623;Banggood WW;https://cdn.admitad.com/campaign/images/2020/9/30/13623-b58edd098a89c836.png;BlitzWolf® BW-VF3 Projector Stand Tripod Stable 360° Adjustment Aluminum Alloy Weight Capacity 10KG Portable For Outside Outdoor Movie Universal Projector Mount Compatible for Most Projector V3 V4 V5 V7 etc;promocode;BGBWVF3;;https://ad.admitad.com/g/2ipw6qzcvq5e996eb3366213826a88/?i=3;2023-08-01 00:00:00;2023-08-31 00:00:00;false;Discount on an order;Toys, Kids & Babies, Computers & Electronics, Marketplaces (including Chinese Stores), Hobby & Stationery;;13%
567853;71.81% OFF;https://www.banggood.com/;0.00;13623;Banggood WW;https://cdn.admitad.com/campaign/images/2020/9/30/13623-b58edd098a89c836.png;[QCC3040 Chip]AIRAUX AA-UM15 TWS Earphones bluetooth V5.1 Low Latency 13mm Dynamic Driver HiFi Stereo CVC Noise Cancelling HD Calls Sports Headset;promocode;BG0bd8f7;;https://ad.admitad.com/g/gb73qh41kn5e996eb3366213826a88/?i=3;2023-08-01 00:00:00;2023-08-31 00:00:00;false;Discount on an order;Toys, Kids & Babies, Computers & Electronics, Marketplaces (including Chinese Stores), Hobby & Stationery;;72%
567854;18.61% OFF;https://www.banggood.com/;0.00;13623;Banggood WW;https://cdn.admitad.com/campaign/images/2020/9/30/13623-b58edd098a89c836.png;Quansheng UV-K6 5W Walkie Talkie Air Band Radio UHF VHF DTMF FM Scrambler NOAA Tyep-C Charging Wireless Frequency Two-Way Handheld Portable Radio;promocode;BG173932;;https://ad.admitad.com/g/wz0nze08nh5e996eb3366213826a88/?i=3;2023-08-01 00:00:00;2023-08-31 00:00:00;false;Discount on an order;Toys, Kids & Babies, Computers & Electronics, Marketplaces (including Chinese Stores), Hobby & Stationery;;18%
567855;23% OFF;https://www.banggood.com/;0.00;13623;Banggood WW;https://cdn.admitad.com/campaign/images/2020/9/30/13623-b58edd098a89c836.png;ESCAM QF380 4G 1440P 16MP Hunting Camera Wireless PIR Motion Detection Night Vision Two-way Audio IP66 Solar Powered Wild Animal Monitoring Cameras EU Version;promocode;BGf2dff1;;https://ad.admitad.com/g/a7sup2bnlw5e996eb3366213826a88/?i=3;2023-08-01 00:00:00;2023-08-31 00:00:00;false;Discount on an order;Toys, Kids & Babies, Computers & Electronics, Marketplaces (including Chinese Stores), Hobby & Stationery;;23%
567856;36.79% OFF;https://www.banggood.com/;0.00;13623;Banggood WW;https://cdn.admitad.com/campaign/images/2020/9/30/13623-b58edd098a89c836.png;[EU/US]SCULPFUN S9 Laser Engraving Machine Ultra-light Laser Beam Shaping Technology High-precision Wood Acrylic Laser Engraver Cutting Machine 410x420mm Engraving Area Full Metal Structure Quick Assembly Design;promocode;BGRA743;;https://ad.admitad.com/g/d7534ta7o25e996eb3366213826a88/?i=3;2023-08-01 00:00:00;2023-08-31 00:00:00;false;Discount on an order;Toys, Kids & Babies, Computers & Electronics, Marketplaces (including Chinese Stores), Hobby & Stationery;;36%
567857;55.22% OFF;https://www.banggood.com/;0.00;13623;Banggood WW;https://cdn.admitad.com/campaign/images/2020/9/30/13623-b58edd098a89c836.png;[5G WIFI] BlitzWolf®BW-VP13 1080P WIFI Projector Full HD 2.4G/5G WIFI Cast Screen Mirroring 6000 Lumens Bluetooth 5 Manual Focus Keystone Correction 180-Inch Projector for Outdoor Movie Home;promocode;BGKAHD;;https://ad.admitad.com/g/s5kyjjdxct5e996eb3366213826a88/?i=3;2023-08-01 00:00:00;2023-08-31 00:00:00;false;Discount on an order;Toys, Kids & Babies, Computers & Electronics, Marketplaces (including Chinese Stores), Hobby & Stationery;;55%
567858;29.13% OFF;https://www.banggood.com/;0.00;13623;Banggood WW;https://cdn.admitad.com/campaign/images/2020/9/30/13623-b58edd098a89c836.png;[Netflix Certified] BlitzWolf® BW-V6 Projector 1080P Physical Widevine DRM L1 Certified Linux OS 450ANSI Lumens Dual WIFI Bluetooth 5 Home Theater;promocode;BGANKV;;https://ad.admitad.com/g/rnn21b0bei5e996eb3366213826a88/?i=3;2023-08-01 00:00:00;2023-08-31 00:00:00;false;Discount on an order;Toys, Kids & Babies, Computers & Electronics, Marketplaces (including Chinese Stores), Hobby & Stationery;;29%
567859;23.34% OFF;https://www.banggood.com/;0.00;13623;Banggood WW;https://cdn.admitad.com/campaign/images/2020/9/30/13623-b58edd098a89c836.png;QCY HT07 ArcBuds TWS Earphone bluetooth Earbuds ANC 40dB Noise Cancelling 6 Mic HD Call 32H Playback HiFi Portable Headphone;promocode;BG4ec55a;;https://ad.admitad.com/g/3bonsmh4gp5e996eb3366213826a88/?i=3;2023-08-01 00:00:00;2023-08-31 00:00:00;false;Discount on an order;Toys, Kids & Babies, Computers & Electronics, Marketplaces (including Chinese Stores), Hobby & Stationery;;23%
567860;32.51% OFF;https://www.banggood.com/;0.00;13623;Banggood WW;https://cdn.admitad.com/campaign/images/2020/9/30/13623-b58edd098a89c836.png;[Dual Dynamic Drivers]AirAux AA-ER3 bluetooth V5 Headphone 4 Units Deep Bass Low Latency 1000mAh Foldable Over-Ear Headset with Mic;promocode;BG227dc7;;https://ad.admitad.com/g/37qdwhnawg5e996eb3366213826a88/?i=3;2023-08-01 00:00:00;2023-09-30 00:00:00;false;Discount on an order;Toys, Kids & Babies, Computers & Electronics, Marketplaces (including Chinese Stores), Hobby & Stationery;;32%
567861;25.81% OFF;https://www.banggood.com/;0.00;13623;Banggood WW;https://cdn.admitad.com/campaign/images/2020/9/30/13623-b58edd098a89c836.png;BlitzWolf® BW-TH15 17-in-1 USB C Docking Station with DP Dual HDMI 4K/60HZ Triple Display USB3 USB3.2 10Gbps Date Transmission RJ45 Ethernet Port PD 100W Fast Charge;promocode;BGa676e5;;https://ad.admitad.com/g/sy62v0lo865e996eb3366213826a88/?i=3;2023-08-01 00:00:00;2023-08-31 00:00:00;false;Discount on an order;Toys, Kids & Babies, Computers & Electronics, Marketplaces (including Chinese Stores), Hobby & Stationery;;25%
567862;42.86% OFF;https://www.banggood.com/;0.00;13623;Banggood WW;https://cdn.admitad.com/campaign/images/2020/9/30/13623-b58edd098a89c836.png;BlitzMax BM-WA3 Pro Wireless Bluetooth 120W Speaker Portable Speaker Quad Drivers Deep Bass Diaphragm EQ Stereo RGB Light TWS 16000mAh Power Bank Outdoors Wireless Speaker;promocode;BG92aab5;;https://ad.admitad.com/g/5v847cvxeq5e996eb3366213826a88/?i=3;2023-08-01 00:00:00;2023-08-31 00:00:00;false;Discount on an order;Toys, Kids & Babies, Computers & Electronics, Marketplaces (including Chinese Stores), Hobby & Stationery;;42%
567863;26.68% OFF;https://www.banggood.com/;0.00;13623;Banggood WW;https://cdn.admitad.com/campaign/images/2020/9/30/13623-b58edd098a89c836.png;Adjustable Electric Drill Truck Circular Auxiliary Tool 8mm to 20mm Round Wooden Rod Tenon;promocode;BGdeb327;;https://ad.admitad.com/g/v0tbnapdd05e996eb3366213826a88/?i=3;2023-08-01 00:00:00;2023-08-31 00:00:00;false;Discount on an order;Toys, Kids & Babies, Computers & Electronics, Marketplaces (including Chinese Stores), Hobby & Stationery;;26%
567864;38.41% OFF;https://www.banggood.com/;0.00;13623;Banggood WW;https://cdn.admitad.com/campaign/images/2020/9/30/13623-b58edd098a89c836.png;[EU Direct] GUNAI GN29 48V 15Ah 750W 29*2.1inch Electric Bicycle 50-90KM Mileage Range 130KG Max Load Electric Bike;promocode;BGb5b0f1;;https://ad.admitad.com/g/m2jopqkkjv5e996eb3366213826a88/?i=3;2023-08-01 00:00:00;2023-08-15 00:00:00;false;Discount on an order;Toys, Kids & Babies, Computers & Electronics, Marketplaces (including Chinese Stores), Hobby & Stationery;;38%
567865;16.67% OFF;https://www.banggood.com/;0.00;13623;Banggood WW;https://cdn.admitad.com/campaign/images/2020/9/30/13623-b58edd098a89c836.png;[EU DIRECT] LAOTIE® T30 Roadster 2023 Version 52V 33.6Ah 21700 Battery 3200W Dual Motor Foldable Electric Scooter 120km Mileage 200kg Bearing EU Plug;promocode;BGd590ce;;https://ad.admitad.com/g/esrjhcxw6l5e996eb3366213826a88/?i=3;2023-08-01 00:00:00;2023-09-30 00:00:00;false;Discount on an order;Toys, Kids & Babies, Computers & Electronics, Marketplaces (including Chinese Stores), Hobby & Stationery;;16%
567866;10.38% OFF;https://www.banggood.com/;0.00;13623;Banggood WW;https://cdn.admitad.com/campaign/images/2020/9/30/13623-b58edd098a89c836.png;[EU DIRECT] LAOTIE® ES18 Lite 52V 28.8Ah 21700 Battery 2400W Dual Motor Foldable Electric Scooter 100km Mileage 200kg Max Load EU Plug;promocode;BG7e35ad;;https://ad.admitad.com/g/uzeyfvevep5e996eb3366213826a88/?i=3;2023-08-01 00:00:00;2023-08-30 00:00:00;false;Discount on an order;Toys, Kids & Babies, Computers & Electronics, Marketplaces (including Chinese Stores), Hobby & Stationery;;10%
567867;47% OFF;https://www.banggood.com/;0.00;13623;Banggood WW;https://cdn.admitad.com/campaign/images/2020/9/30/13623-b58edd098a89c836.png;MATCC Extendable Shower Scrubber Retractable 180-degree Rotating Bathub Scrubber;promocode;BG8344b5;;https://ad.admitad.com/g/k2x1ezv9305e996eb3366213826a88/?i=3;2023-08-01 00:00:00;2023-08-31 00:00:00;false;Discount on an order;Toys, Kids & Babies, Computers & Electronics, Marketplaces (including Chinese Stores), Hobby & Stationery;;47%
567868;62.88% OFF;https://www.banggood.com/;0.00;13623;Banggood WW;https://cdn.admitad.com/campaign/images/2020/9/30/13623-b58edd098a89c836.png;Godmorn Stovetop Espresso Maker Moka Pot 450ml/15oz/9 cup Classic Cafe Percolator Maker Stainless Steel Suitable for Induction Cookers;promocode;BGa62518;;https://ad.admitad.com/g/akmrixk0d75e996eb3366213826a88/?i=3;2023-08-01 00:00:00;2023-08-31 00:00:00;false;Discount on an order;Toys, Kids & Babies, Computers & Electronics, Marketplaces (including Chinese Stores), Hobby & Stationery;;62%
567869;42.32% OFF;https://www.banggood.com/;0.00;13623;Banggood WW;https://cdn.admitad.com/campaign/images/2020/9/30/13623-b58edd098a89c836.png;iMars 400W LED Rainproof Switching Power Supply Transformer AC 220V To DC 12V 24V Power Inverter;promocode;BGb23eff;;https://ad.admitad.com/g/6308lf02av5e996eb3366213826a88/?i=3;2023-08-01 00:00:00;2023-08-31 00:00:00;false;Discount on an order;Toys, Kids & Babies, Computers & Electronics, Marketplaces (including Chinese Stores), Hobby & Stationery;;42%
567870;43.23% OFF;https://www.banggood.com/;0.00;13623;Banggood WW;https://cdn.admitad.com/campaign/images/2020/9/30/13623-b58edd098a89c836.png;[4PCS] BlitzWolf® BW-SHP6 Pro 15A 3450W WiFi Smart Plug Wireless Power Socket Outlet Energy Monitoring No Hub Required App Remote Control Voice Control Works With Amazon Alexa and Google Assistant;promocode;BG124b4a;;https://ad.admitad.com/g/196gmao7ia5e996eb3366213826a88/?i=3;2023-08-01 00:00:00;2023-08-31 00:00:00;false;Discount on an order;Toys, Kids & Babies, Computers & Electronics, Marketplaces (including Chinese Stores), Hobby & Stationery;;43%
567871;20% OFF;https://www.banggood.com/;0.00;13623;Banggood WW;https://cdn.admitad.com/campaign/images/2020/9/30/13623-b58edd098a89c836.png;Original Xiaomi Redmi Buds 4 Vitality Edition TWS Earbuds Wireless bluetooth Headset 12mm Dynamic Earphone TWS Earbuds;promocode;BG6eeb63;;https://ad.admitad.com/g/qg7o1hayr05e996eb3366213826a88/?i=3;2023-08-01 00:00:00;2023-08-31 00:00:00;false;Discount on an order;Toys, Kids & Babies, Computers & Electronics, Marketplaces (including Chinese Stores), Hobby & Stationery;;20%
567872;15% OFF (Order Over US$0.1);https://www.banggood.com/;0.00;13623;Banggood WW;https://cdn.admitad.com/campaign/images/2020/9/30/13623-b58edd098a89c836.png;Carbide CNC Router Bit Dual-Blade Woodworking Milling Cutter for Precision Cuts High-End Durable Design;promocode;BG1993688;;https://ad.admitad.com/g/td92cx6ao85e996eb3366213826a88/?i=3;2023-08-01 00:00:00;2023-08-06 00:00:00;false;Discount on an order;Toys, Kids & Babies, Computers & Electronics, Marketplaces (including Chinese Stores), Hobby & Stationery;;15%
567873;56.63% OFF;https://www.banggood.com/;0.00;13623;Banggood WW;https://cdn.admitad.com/campaign/images/2020/9/30/13623-b58edd098a89c836.png;KROAK 500W 50Bar 12000mAh Cordless High Pressure Spray Water Pump Cleaning Portable Car Washer;promocode;BGbdfcd5;;https://ad.admitad.com/g/7bosf3yrwx5e996eb3366213826a88/?i=3;2023-08-01 00:00:00;2023-08-31 00:00:00;false;Discount on an order;Toys, Kids & Babies, Computers & Electronics, Marketplaces (including Chinese Stores), Hobby & Stationery;;56%
567874;9.44% OFF;https://www.banggood.com/;0.00;13623;Banggood WW;https://cdn.admitad.com/campaign/images/2020/9/30/13623-b58edd098a89c836.png;160W Car Washer Cleaner Car Washing Spray Gun Cordless High Pressure Electric Water Gun Foam Machine for Makita 18V Battery;promocode;BGae4d4b;;https://ad.admitad.com/g/fd4zrsv3ld5e996eb3366213826a88/?i=3;2023-08-01 00:00:00;2023-08-31 00:00:00;false;Discount on an order;Toys, Kids & Babies, Computers & Electronics, Marketplaces (including Chinese Stores), Hobby & Stationery;;9%
567875;50% OFF;https://www.banggood.com/;0.00;13623;Banggood WW;https://cdn.admitad.com/campaign/images/2020/9/30/13623-b58edd098a89c836.png;LORIIK LR68 Triple Mode Mechanical Keyboard 68 Keys Gateron Switch Three Color PBT Keycaps Transparent Black Case RGB Hot Swappable Gaming Keyboard;promocode;BGfb1187;;https://ad.admitad.com/g/pgl8pwqrt85e996eb3366213826a88/?i=3;2023-08-01 00:00:00;2023-08-31 00:00:00;false;Discount on an order;Toys, Kids & Babies, Computers & Electronics, Marketplaces (including Chinese Stores), Hobby & Stationery;;50%
567876;50% OFF;https://www.banggood.com/;0.00;13623;Banggood WW;https://cdn.admitad.com/campaign/images/2020/9/30/13623-b58edd098a89c836.png;LORIIK LR68 Triple Mode Mechanical Keyboard 68 Keys Gateron Switch Three Color PBT Keycaps Transparent Black Case RGB Hot Swappable Gaming Keyboard;promocode;BGfb1187;;https://ad.admitad.com/g/afvr2ymu0c5e996eb3366213826a88/?i=3;2023-08-01 00:00:00;2023-08-31 00:00:00;false;Discount on an order;Toys, Kids & Babies, Computers & Electronics, Marketplaces (including Chinese Stores), Hobby & Stationery;;50%
567877;66% OFF;https://www.banggood.com/;0.00;13623;Banggood WW;https://cdn.admitad.com/campaign/images/2020/9/30/13623-b58edd098a89c836.png;BlitzWolf® BW-DLT1 Folding Desk Lamp with Foldable Storage Adjustable Angle 3600mAh Battery 5 Level Brightness 3000-5000K Color Temp;promocode;BGd89a8b;;https://ad.admitad.com/g/ls28g56x4n5e996eb3366213826a88/?i=3;2023-08-01 00:00:00;2023-08-31 00:00:00;false;Discount on an order;Toys, Kids & Babies, Computers & Electronics, Marketplaces (including Chinese Stores), Hobby & Stationery;;66%
567878;10% OFF (Order Over US$1);https://www.banggood.com/;0.00;13623;Banggood WW;https://cdn.admitad.com/campaign/images/2020/9/30/13623-b58edd098a89c836.png;WANPTEK Lab Bench Power Supply 300W Laboratory Switching Power Supply Unit 30V 10A Adjustable Digital Source 60V 5A Voltage Stabilizer;promocode;BG7df812;;https://ad.admitad.com/g/6a1n0z3fld5e996eb3366213826a88/?i=3;2023-08-01 00:00:00;2023-08-15 00:00:00;false;Discount on an order;Toys, Kids & Babies, Computers & Electronics, Marketplaces (including Chinese Stores), Hobby & Stationery;;10%
567879;37.42% OFF;https://www.banggood.com/;0.00;13623;Banggood WW;https://cdn.admitad.com/campaign/images/2020/9/30/13623-b58edd098a89c836.png;[GaN Tech] 65W 5-Port USB PD Charger 3USB+2PD Fast Charging Wall Charger Adapter EU Plug US Plug UK Plug for iPhone 12 13 14 14Pro for Huawei Mate50 for Xiaomi 13pro for Samsung Galaxy S23;promocode;BG97bd15;;https://ad.admitad.com/g/zbrgev2w8q5e996eb3366213826a88/?i=3;2023-08-01 00:00:00;2023-08-31 00:00:00;false;Discount on an order;Toys, Kids & Babies, Computers & Electronics, Marketplaces (including Chinese Stores), Hobby & Stationery;;37%
567880;64% OFF;https://www.banggood.com/;0.00;13623;Banggood WW;https://cdn.admitad.com/campaign/images/2020/9/30/13623-b58edd098a89c836.png;USLION 48W 4 USB Ports QC 3 Fast Charger Wall Travel Charging EU Plug/US Plug Adapter For iPhone 14 14 Plus 14 Pro Max for iPad Pro For Samsung Galaxy S22 Ultra Galaxy Z Flip 4 For Xiaomi Mi 12T Redmi Note 12 Huawei P50;promocode;BGe69a7f;;https://ad.admitad.com/g/7ws9jd3qnu5e996eb3366213826a88/?i=3;2023-08-01 00:00:00;2023-08-31 00:00:00;false;Discount on an order;Toys, Kids & Babies, Computers & Electronics, Marketplaces (including Chinese Stores), Hobby & Stationery;;64%
567881;35.18% OFF;https://www.banggood.com/;0.00;13623;Banggood WW;https://cdn.admitad.com/campaign/images/2020/9/30/13623-b58edd098a89c836.png;Proscenic V10 Robot Vacuum Cleaner 3 In 1 Vacuuming Sweeping and Mopping 3000pa Mopping LDS Navigation 2600mAh 120Mins Runtime;promocode;BGRA7716;;https://ad.admitad.com/g/rvi5jbvlbf5e996eb3366213826a88/?i=3;2023-08-01 00:00:00;2023-08-31 00:00:00;false;Discount on an order;Toys, Kids & Babies, Computers & Electronics, Marketplaces (including Chinese Stores), Hobby & Stationery;;35%
567882;38.46% OFF;https://www.banggood.com/;0.00;13623;Banggood WW;https://cdn.admitad.com/campaign/images/2020/9/30/13623-b58edd098a89c836.png;Proscenic T21 1700W 220V 5.5L Air Fryer APP Control 8+1 Cooking Functions Preheat & Warm Keeping Hot Oven Cooker Touch Screen Control, Alexa & Google Home Voice Control;promocode;BGRA7717;;https://ad.admitad.com/g/b58c7c9xvn5e996eb3366213826a88/?i=3;2023-08-01 00:00:00;2023-08-31 00:00:00;false;Discount on an order;Toys, Kids & Babies, Computers & Electronics, Marketplaces (including Chinese Stores), Hobby & Stationery;;38%
567884;33.34% OFF;https://www.banggood.com/;0.00;13623;Banggood WW;https://cdn.admitad.com/campaign/images/2020/9/30/13623-b58edd098a89c836.png;BlitzWolf® BW-LT40 LED Square Ceiling Light 24W 2200LM 3 Color Temperature Remote Control Night Light Memory Function;promocode;BG532917;;https://ad.admitad.com/g/kv7x633mcn5e996eb3366213826a88/?i=3;2023-08-01 00:00:00;2023-08-31 00:00:00;false;Discount on an order;Toys, Kids & Babies, Computers & Electronics, Marketplaces (including Chinese Stores), Hobby & Stationery;;33%
567885;21.44% OFF;https://www.banggood.com/;0.00;13623;Banggood WW;https://cdn.admitad.com/campaign/images/2020/9/30/13623-b58edd098a89c836.png;Stickdrive 128GB TF Memory Card Micro SD Card Flash Card Smart Card for Driving Recorder Phone Camera;promocode;BGce776e;;https://ad.admitad.com/g/ae0q5mf0rn5e996eb3366213826a88/?i=3;2023-08-01 00:00:00;2023-08-31 00:00:00;false;Discount on an order;Toys, Kids & Babies, Computers & Electronics, Marketplaces (including Chinese Stores), Hobby & Stationery;;21%
567886;14% OFF (Order Over US$10);https://www.banggood.com/;0.00;13623;Banggood WW;https://cdn.admitad.com/campaign/images/2020/9/30/13623-b58edd098a89c836.png;Lenovo Thinkplus MU110 Type-C&USB3.2 Flash Drive Dual Metal Interface 64GB 128GB 256GB 512GB High Speed Data Transmission Portable Memory U Disk for Phone Tablet Computer;promocode;BG549a60;;https://ad.admitad.com/g/6sxny9nur95e996eb3366213826a88/?i=3;2023-08-01 00:00:00;2023-08-31 00:00:00;false;Discount on an order;Toys, Kids & Babies, Computers & Electronics, Marketplaces (including Chinese Stores), Hobby & Stationery;;14%
567887;14.3% OFF;https://www.banggood.com/;0.00;13623;Banggood WW;https://cdn.admitad.com/campaign/images/2020/9/30/13623-b58edd098a89c836.png;HXSJ X10 2.4GHz Wireless Gaming Mouse 800/1600/2400DPI 6-Keys Veritical Ergonomics Gamer Mice for Desktop Computer Laptop PC;promocode;BGab3da3;;https://ad.admitad.com/g/ifc4cyyohf5e996eb3366213826a88/?i=3;2023-08-01 00:00:00;2023-08-31 00:00:00;false;Discount on an order;Toys, Kids & Babies, Computers & Electronics, Marketplaces (including Chinese Stores), Hobby & Stationery;;14%
567888;20% OFF (Order Over US$30);https://www.banggood.com/;0.00;13623;Banggood WW;https://cdn.admitad.com/campaign/images/2020/9/30/13623-b58edd098a89c836.png;for KODAK X200 SSD 256GB 512GB 1TB USB3.1 GEN 2 Portable Solid State Drive Mini Hard Drive for Laptops Phone;promocode;BG3c54c4;;https://ad.admitad.com/g/2ole5ozqzt5e996eb3366213826a88/?i=3;2023-08-01 00:00:00;2023-08-31 00:00:00;false;Discount on an order;Toys, Kids & Babies, Computers & Electronics, Marketplaces (including Chinese Stores), Hobby & Stationery;;20%
567889;17.4% OFF;https://www.banggood.com/;0.00;13623;Banggood WW;https://cdn.admitad.com/campaign/images/2020/9/30/13623-b58edd098a89c836.png;for KODAK K133 Metal USB Flash Drive 256GB USB 3.1 Rotating USB3 Stick Pendrive Memory Stick for Computer TV Car Speaker;promocode;BG287a63;;https://ad.admitad.com/g/2czc6huqr45e996eb3366213826a88/?i=3;2023-08-01 00:00:00;2023-08-31 00:00:00;false;Discount on an order;Toys, Kids & Babies, Computers & Electronics, Marketplaces (including Chinese Stores), Hobby & Stationery;;17%
567698;9% OFF on orders over $25 for new customers;https://www.banggood.com/;0.00;13623;Banggood WW;https://cdn.admitad.com/campaign/images/2020/9/30/13623-b58edd098a89c836.png;promo code is required. This coupon can be used for other products except for 3D Printers, FPV Racing Drone and Projectors&Theater. (Unavailable products' URL:https://ban.ggood.vip/11uX8, https://ban.ggood.vip/12GVV,  https://ban.ggood.vip/13Svf);promocode;BGADMITADAUG;;https://ad.admitad.com/g/wdvnsyo3eh5e996eb3366213826a88/?i=3;2023-08-01 00:00:00;2023-08-31 23:59:00;true;Discount on an order;Computers & Electronics, Auto & Moto Goods, Marketplaces (including Chinese Stores), Back to school WW 2023;;9%
557438;"12% off on orders over 5$ 
Rule: Code just can be used on the products on the text lin";https://www.banggood.com/;0.00;13623;Banggood WW;https://cdn.admitad.com/campaign/images/2020/9/30/13623-b58edd098a89c836.png;;promocode;BGSCM11;;https://ad.admitad.com/g/lz0v9uygkq5e996eb3366213826a88/?i=3;2023-07-10 00:00:00;2023-12-31 23:59:00;false;Discount on an order;Auto & Moto Goods;;12%
557439;"12% off on orders over 5$ 
Rule: Code just can be used on the products on the text lin";https://www.banggood.com/;0.00;13623;Banggood WW;https://cdn.admitad.com/campaign/images/2020/9/30/13623-b58edd098a89c836.png;;promocode;BGSCM11;;https://ad.admitad.com/g/hbraehrfa65e996eb3366213826a88/?i=3;2023-07-10 00:00:00;2023-12-31 23:59:00;false;Discount on an order;Auto & Moto Goods;;12%
557440;"12% off on orders over 5$ 
Rule: Code just can be used on the products on the text lin";https://www.banggood.com/;0.00;13623;Banggood WW;https://cdn.admitad.com/campaign/images/2020/9/30/13623-b58edd098a89c836.png;;promocode;BGSCM11;;https://ad.admitad.com/g/lt7mv26bb25e996eb3366213826a88/?i=3;2023-07-10 00:00:00;2023-12-31 23:59:00;false;Discount on an order;Auto & Moto Goods;;12%
540211;Fans day: Up to 50% OFF;https://www.banggood.com/;0.00;13623;Banggood WW;https://cdn.admitad.com/campaign/images/2020/9/30/13623-b58edd098a89c836.png;Promo code is not required.;action;Not required;;https://ad.admitad.com/g/oz1orwyzsk5e996eb3366213826a88/?i=3;2023-05-11 13:29:44;None;false;Discount on an order;Toys, Kids & Babies, Accessories & Bags, Sports & Recreation, Homeware, Computers & Electronics, Gifts & Flowers, Books, Auto & Moto Goods, DIY, Garden, Marketplaces (including Chinese Stores);;50%
561501;20% OFF on your first order;https://www.wish.com/;0.00;24352;Wish Many GEO's;https://cdn.admitad.com/campaign/images/2022/10/7/24352-5da9ab9e46e99500.jpg;Promocode is required;promocode;WELCOME20;https://ad.admitad.com/coupon/5302j2x0355e996eb336915730f414/;https://ad.admitad.com/g/cxm2crs4qt5e996eb336915730f414/?i=3;2023-07-28 00:00:00;2023-12-31 23:59:00;false;Discount on an order;Accessories & Bags, Shoes, Clothing, Marketplaces (including Chinese Stores);;20%
561503;Refurbished phones;https://www.wish.com/;0.00;24352;Wish Many GEO's;https://cdn.admitad.com/campaign/images/2022/10/7/24352-5da9ab9e46e99500.jpg;Promocode is not required;action;Not required;https://ad.admitad.com/coupon/866e8u01gq5e996eb336915730f414/;https://ad.admitad.com/g/d6pyjcyrnc5e996eb336915730f414/?i=3;2023-07-28 00:00:00;2023-08-06 23:59:00;false;Discount on an order;Accessories & Bags, Shoes, Clothing, Marketplaces (including Chinese Stores);;1%
561504;Refurbished tablets;https://www.wish.com/;0.00;24352;Wish Many GEO's;https://cdn.admitad.com/campaign/images/2022/10/7/24352-5da9ab9e46e99500.jpg;Promocode is not required;action;Not required;https://ad.admitad.com/coupon/qiqwd4nzgl5e996eb336915730f414/;https://ad.admitad.com/g/gvvg2go5ew5e996eb336915730f414/?i=3;2023-07-28 00:00:00;2023-08-06 23:59:00;false;Discount on an order;Accessories & Bags, Shoes, Clothing, Marketplaces (including Chinese Stores);;1%
561505;Refurbished computers;https://www.wish.com/;0.00;24352;Wish Many GEO's;https://cdn.admitad.com/campaign/images/2022/10/7/24352-5da9ab9e46e99500.jpg;Promocode is not required;action;Not required;https://ad.admitad.com/coupon/qojlcc3tmc5e996eb336915730f414/;https://ad.admitad.com/g/48yfvv3af35e996eb336915730f414/?i=3;2023-07-28 00:00:00;2023-08-06 23:59:00;false;Discount on an order;Accessories & Bags, Shoes, Clothing, Marketplaces (including Chinese Stores);;1%
561506;15% OFF on orders over $30;https://www.wish.com/;0.00;24352;Wish Many GEO's;https://cdn.admitad.com/campaign/images/2022/10/7/24352-5da9ab9e46e99500.jpg;Promocode is required. minimum order amount $30;promocode;TAKE15;https://ad.admitad.com/coupon/hc2tjrfy9t5e996eb336915730f414/;https://ad.admitad.com/g/bua0ws6d8n5e996eb336915730f414/?i=3;2023-07-28 00:00:00;2023-08-17 23:59:00;false;Discount on an order;Accessories & Bags, Shoes, Clothing, Marketplaces (including Chinese Stores);;15%
561251;15% OFF for the first order;https://www.wish.com/;0.00;24352;Wish Many GEO's;https://cdn.admitad.com/campaign/images/2022/10/7/24352-5da9ab9e46e99500.jpg;Promo code is required.;promocode;FIRST15;https://ad.admitad.com/coupon/0ddxp04aqi5e996eb336915730f414/;https://ad.admitad.com/g/bb5p8po7rg5e996eb336915730f414/?i=3;2023-07-27 00:00:00;2023-08-31 23:59:00;false;Discount on an order;Accessories & Bags, Shoes, Clothing, Marketplaces (including Chinese Stores);;15%
561254;Summer outings;https://www.wish.com/;0.00;24352;Wish Many GEO's;https://cdn.admitad.com/campaign/images/2022/10/7/24352-5da9ab9e46e99500.jpg;Promocode is not required;action;Not required;https://ad.admitad.com/coupon/1twi0f923q5e996eb336915730f414/;https://ad.admitad.com/g/3gdm1kpz365e996eb336915730f414/?i=3;2023-07-27 00:00:00;2023-08-31 23:59:00;false;Discount on an order;Accessories & Bags, Shoes, Clothing, Marketplaces (including Chinese Stores);;1%
554102;10% OFF sitewide;https://www.wish.com/;2.82;24352;Wish Many GEO's;https://cdn.admitad.com/campaign/images/2022/10/7/24352-5da9ab9e46e99500.jpg;Promo code is required. max savings of $5 and 10 uses per account;promocode;Admitad10;https://ad.admitad.com/coupon/l2vf8olmf75e996eb336915730f414/;https://ad.admitad.com/g/goapsai5qm5e996eb336915730f414/?i=3;2023-06-23 00:00:00;2023-12-31 23:59:00;true;Discount on an order;Accessories & Bags, Shoes, Clothing, Marketplaces (including Chinese Stores), July Summer Fest 2023;;10%
512138;10% OFF sitewide;https://www.wish.com/;0.00;24352;Wish Many GEO's;https://cdn.admitad.com/campaign/images/2022/10/7/24352-5da9ab9e46e99500.jpg;Promo code is required.;promocode;WISH2023;https://ad.admitad.com/coupon/a7gl4mtqpg5e996eb336915730f414/;https://ad.admitad.com/g/i8fmujrk1y5e996eb336915730f414/?i=3;2023-01-13 00:00:00;2023-12-31 23:59:00;false;Discount on an order;Accessories & Bags, Shoes, Clothing, Marketplaces (including Chinese Stores);;10%
516211;3 Artículos por 5,99€. Sólo disponible en la APP de AliExpress.;https://aliexpress.com/;9.75;6115;AliExpress WW;https://cdn.aliitems.com/campaign/images/2020/9/30/6115-23f0d4d9fb4ec8d1.png;"promo code is not required
Beneficios claves:
3 artículos por 5,99€
Envío Gratis
Entrega en 15 días";action;Not required;https://alitems.co/coupon/wt6ua2parl5e996eb33616525dc3e8/;https://alitems.co/g/w3olfft0aw5e996eb33616525dc3e8/?i=3;2023-02-02 09:58:44;None;false;Discount on an order;Homeware;;1%
451320;Home page (Smart links);https://aliexpress.com/;7.37;6115;AliExpress WW;https://cdn.aliitems.com/campaign/images/2020/9/30/6115-23f0d4d9fb4ec8d1.png;promo code is not required;action;Not required;https://alitems.co/coupon/t8pgg5efie5e996eb33616525dc3e8/;https://alitems.co/g/pa75oznui45e996eb33616525dc3e8/?i=3;2022-04-27 11:45:00;None;false;Discount on an order;Homeware;;55%
